provider_name,dba_name,holding_company_name,holding_company_final,State,technology_code,Consumer,max_advertised_downstream_speed_mbps,max_advertised_upstream_speed_mbps,zip_code,connection_type,hso_provider,Price
"Cable One, Inc.",Cable ONE,"Cable One, Inc.","Cable One, Inc.",,,1,,,6604,,cable_one,
"Cable One, Inc.",Cable ONE,"Cable One, Inc.","Cable One, Inc.",,,1,,,6605,,cable_one,
"Cable One, Inc.",Cable ONE,"Cable One, Inc.","Cable One, Inc.",,,1,,,6606,,cable_one,
"Cable One, Inc.",Cable ONE,"Cable One, Inc.","Cable One, Inc.",,,1,,,6607,,cable_one,
"Cable One, Inc.",Cable ONE,"Cable One, Inc.","Cable One, Inc.",,,1,,,6608,,cable_one,
"Cable One, Inc.",Cable ONE,"Cable One, Inc.","Cable One, Inc.",,,1,,,6610,,cable_one,
"Cable One, Inc.",Cable ONE,"Cable One, Inc.","Cable One, Inc.",,,1,,,6460,,cable_one,
"Cable One, Inc.",Cable ONE,"Cable One, Inc.","Cable One, Inc.",,,1,,,6851,,cable_one,
"Cable One, Inc.",Cable ONE,"Cable One, Inc.","Cable One, Inc.",,,1,,,6854,,cable_one,
"Cable One, Inc.",Cable ONE,"Cable One, Inc.","Cable One, Inc.",,,1,,,6870,,cable_one,
"Cable One, Inc.",Cable ONE,"Cable One, Inc.","Cable One, Inc.",,,1,,,6901,,cable_one,
"Cable One, Inc.",Cable ONE,"Cable One, Inc.","Cable One, Inc.",,,1,,,6902,,cable_one,
"Cable One, Inc.",Cable ONE,"Cable One, Inc.","Cable One, Inc.",,,1,,,6905,,cable_one,
"Cable One, Inc.",Cable ONE,"Cable One, Inc.","Cable One, Inc.",,,1,,,6906,,cable_one,
"Cable One, Inc.",Cable ONE,"Cable One, Inc.","Cable One, Inc.",,,1,,,6614,,cable_one,
"Cable One, Inc.",Cable ONE,"Cable One, Inc.","Cable One, Inc.",,,1,,,6615,,cable_one,
"Cable One, Inc.",Cable ONE,"Cable One, Inc.","Cable One, Inc.",,,1,,,6790,,cable_one,
"Cable One, Inc.",Cable ONE,"Cable One, Inc.","Cable One, Inc.",,,1,,,6897,,cable_one,
"Cable One, Inc.",Cable ONE,"Cable One, Inc.","Cable One, Inc.",,,1,,,7401,,cable_one,
"Cable One, Inc.",Cable ONE,"Cable One, Inc.","Cable One, Inc.",,,1,,,7712,,cable_one,
"Cable One, Inc.",Cable ONE,"Cable One, Inc.","Cable One, Inc.",,,1,,,7002,,cable_one,
"Cable One, Inc.",Cable ONE,"Cable One, Inc.","Cable One, Inc.",,,1,,,7719,,cable_one,
"Cable One, Inc.",Cable ONE,"Cable One, Inc.","Cable One, Inc.",,,1,,,7403,,cable_one,
"Cable One, Inc.",Cable ONE,"Cable One, Inc.","Cable One, Inc.",,,1,,,7005,,cable_one,
"Cable One, Inc.",Cable ONE,"Cable One, Inc.","Cable One, Inc.",,,1,,,8805,,cable_one,
"Cable One, Inc.",Cable ONE,"Cable One, Inc.","Cable One, Inc.",,,1,,,7405,,cable_one,
"Cable One, Inc.",Cable ONE,"Cable One, Inc.","Cable One, Inc.",,,1,,,7006,,cable_one,
"Cable One, Inc.",Cable ONE,"Cable One, Inc.","Cable One, Inc.",,,1,,,7928,,cable_one,
"Cable One, Inc.",Cable ONE,"Cable One, Inc.","Cable One, Inc.",,,1,,,7721,,cable_one,
"Cable One, Inc.",Cable ONE,"Cable One, Inc.","Cable One, Inc.",,,1,,,7011,,cable_one,
"Cable One, Inc.",Cable ONE,"Cable One, Inc.","Cable One, Inc.",,,1,,,7012,,cable_one,
"Cable One, Inc.",Cable ONE,"Cable One, Inc.","Cable One, Inc.",,,1,,,7013,,cable_one,
"Cable One, Inc.",Cable ONE,"Cable One, Inc.","Cable One, Inc.",,,1,,,7801,,cable_one,
"Cable One, Inc.",Cable ONE,"Cable One, Inc.","Cable One, Inc.",,,1,,,8812,,cable_one,
"Cable One, Inc.",Cable ONE,"Cable One, Inc.","Cable One, Inc.",,,1,,,7017,,cable_one,
"Cable One, Inc.",Cable ONE,"Cable One, Inc.","Cable One, Inc.",,,1,,,8817,,cable_one,
"Cable One, Inc.",Cable ONE,"Cable One, Inc.","Cable One, Inc.",,,1,,,7201,,cable_one,
"Cable One, Inc.",Cable ONE,"Cable One, Inc.","Cable One, Inc.",,,1,,,7202,,cable_one,
"Cable One, Inc.",Cable ONE,"Cable One, Inc.","Cable One, Inc.",,,1,,,7205,,cable_one,
"Cable One, Inc.",Cable ONE,"Cable One, Inc.","Cable One, Inc.",,,1,,,7206,,cable_one,
"Cable One, Inc.",Cable ONE,"Cable One, Inc.","Cable One, Inc.",,,1,,,7208,,cable_one,
"Cable One, Inc.",Cable ONE,"Cable One, Inc.","Cable One, Inc.",,,1,,,7728,,cable_one,
"Cable One, Inc.",Cable ONE,"Cable One, Inc.","Cable One, Inc.",,,1,,,7026,,cable_one,
"Cable One, Inc.",Cable ONE,"Cable One, Inc.","Cable One, Inc.",,,1,,,7601,,cable_one,
"Cable One, Inc.",Cable ONE,"Cable One, Inc.","Cable One, Inc.",,,1,,,7508,,cable_one,
"Cable One, Inc.",Cable ONE,"Cable One, Inc.","Cable One, Inc.",,,1,,,7506,,cable_one,
"Cable One, Inc.",Cable ONE,"Cable One, Inc.","Cable One, Inc.",,,1,,,7421,,cable_one,
"Cable One, Inc.",Cable ONE,"Cable One, Inc.","Cable One, Inc.",,,1,,,8904,,cable_one,
"Cable One, Inc.",Cable ONE,"Cable One, Inc.","Cable One, Inc.",,,1,,,7030,,cable_one,
"Cable One, Inc.",Cable ONE,"Cable One, Inc.","Cable One, Inc.",,,1,,,7843,,cable_one,
"Cable One, Inc.",Cable ONE,"Cable One, Inc.","Cable One, Inc.",,,1,,,7731,,cable_one,
"Cable One, Inc.",Cable ONE,"Cable One, Inc.","Cable One, Inc.",,,1,,,8527,,cable_one,
"Cable One, Inc.",Cable ONE,"Cable One, Inc.","Cable One, Inc.",,,1,,,7734,,cable_one,
"Cable One, Inc.",Cable ONE,"Cable One, Inc.","Cable One, Inc.",,,1,,,7034,,cable_one,
"Cable One, Inc.",Cable ONE,"Cable One, Inc.","Cable One, Inc.",,,1,,,8701,,cable_one,
"Cable One, Inc.",Cable ONE,"Cable One, Inc.","Cable One, Inc.",,,1,,,7644,,cable_one,
"Cable One, Inc.",Cable ONE,"Cable One, Inc.","Cable One, Inc.",,,1,,,7940,,cable_one,
"Cable One, Inc.",Cable ONE,"Cable One, Inc.","Cable One, Inc.",,,1,,,7430,,cable_one,
"Cable One, Inc.",Cable ONE,"Cable One, Inc.","Cable One, Inc.",,,1,,,8835,,cable_one,
"Cable One, Inc.",Cable ONE,"Cable One, Inc.","Cable One, Inc.",,,1,,,7747,,cable_one,
"Cable One, Inc.",Cable ONE,"Cable One, Inc.","Cable One, Inc.",,,1,,,7960,,cable_one,
"Cable One, Inc.",Cable ONE,"Cable One, Inc.","Cable One, Inc.",,,1,,,7753,,cable_one,
"Cable One, Inc.",Cable ONE,"Cable One, Inc.","Cable One, Inc.",,,1,,,8901,,cable_one,
"Cable One, Inc.",Cable ONE,"Cable One, Inc.","Cable One, Inc.",,,1,,,7102,,cable_one,
"Cable One, Inc.",Cable ONE,"Cable One, Inc.","Cable One, Inc.",,,1,,,7103,,cable_one,
"Cable One, Inc.",Cable ONE,"Cable One, Inc.","Cable One, Inc.",,,1,,,7104,,cable_one,
"Cable One, Inc.",Cable ONE,"Cable One, Inc.","Cable One, Inc.",,,1,,,7105,,cable_one,
"Cable One, Inc.",Cable ONE,"Cable One, Inc.","Cable One, Inc.",,,1,,,7106,,cable_one,
"Cable One, Inc.",Cable ONE,"Cable One, Inc.","Cable One, Inc.",,,1,,,7107,,cable_one,
"Cable One, Inc.",Cable ONE,"Cable One, Inc.","Cable One, Inc.",,,1,,,7108,,cable_one,
"Cable One, Inc.",Cable ONE,"Cable One, Inc.","Cable One, Inc.",,,1,,,7112,,cable_one,
"Cable One, Inc.",Cable ONE,"Cable One, Inc.","Cable One, Inc.",,,1,,,7114,,cable_one,
"Cable One, Inc.",Cable ONE,"Cable One, Inc.","Cable One, Inc.",,,1,,,7435,,cable_one,
"Cable One, Inc.",Cable ONE,"Cable One, Inc.","Cable One, Inc.",,,1,,,7047,,cable_one,
"Cable One, Inc.",Cable ONE,"Cable One, Inc.","Cable One, Inc.",,,1,,,8902,,cable_one,
"Cable One, Inc.",Cable ONE,"Cable One, Inc.","Cable One, Inc.",,,1,,,7110,,cable_one,
"Cable One, Inc.",Cable ONE,"Cable One, Inc.","Cable One, Inc.",,,1,,,8751,,cable_one,
"Cable One, Inc.",Cable ONE,"Cable One, Inc.","Cable One, Inc.",,,1,,,7656,,cable_one,
"Cable One, Inc.",Cable ONE,"Cable One, Inc.","Cable One, Inc.",,,1,,,8859,,cable_one,
"Cable One, Inc.",Cable ONE,"Cable One, Inc.","Cable One, Inc.",,,1,,,7055,,cable_one,
"Cable One, Inc.",Cable ONE,"Cable One, Inc.","Cable One, Inc.",,,1,,,7501,,cable_one,
"Cable One, Inc.",Cable ONE,"Cable One, Inc.","Cable One, Inc.",,,1,,,7502,,cable_one,
"Cable One, Inc.",Cable ONE,"Cable One, Inc.","Cable One, Inc.",,,1,,,7503,,cable_one,
"Cable One, Inc.",Cable ONE,"Cable One, Inc.","Cable One, Inc.",,,1,,,7504,,cable_one,
"Cable One, Inc.",Cable ONE,"Cable One, Inc.","Cable One, Inc.",,,1,,,7513,,cable_one,
"Cable One, Inc.",Cable ONE,"Cable One, Inc.","Cable One, Inc.",,,1,,,7514,,cable_one,
"Cable One, Inc.",Cable ONE,"Cable One, Inc.","Cable One, Inc.",,,1,,,7522,,cable_one,
"Cable One, Inc.",Cable ONE,"Cable One, Inc.","Cable One, Inc.",,,1,,,7058,,cable_one,
"Cable One, Inc.",Cable ONE,"Cable One, Inc.","Cable One, Inc.",,,1,,,8854,,cable_one,
"Cable One, Inc.",Cable ONE,"Cable One, Inc.","Cable One, Inc.",,,1,,,7446,,cable_one,
"Cable One, Inc.",Cable ONE,"Cable One, Inc.","Cable One, Inc.",,,1,,,8869,,cable_one,
"Cable One, Inc.",Cable ONE,"Cable One, Inc.","Cable One, Inc.",,,1,,,7456,,cable_one,
"Cable One, Inc.",Cable ONE,"Cable One, Inc.","Cable One, Inc.",,,1,,,7606,,cable_one,
"Cable One, Inc.",Cable ONE,"Cable One, Inc.","Cable One, Inc.",,,1,,,8872,,cable_one,
"Cable One, Inc.",Cable ONE,"Cable One, Inc.","Cable One, Inc.",,,1,,,8879,,cable_one,
"Cable One, Inc.",Cable ONE,"Cable One, Inc.","Cable One, Inc.",,,1,,,7458,,cable_one,
"Cable One, Inc.",Cable ONE,"Cable One, Inc.","Cable One, Inc.",,,1,,,7087,,cable_one,
"Cable One, Inc.",Cable ONE,"Cable One, Inc.","Cable One, Inc.",,,1,,,7676,,cable_one,
"Cable One, Inc.",Cable ONE,"Cable One, Inc.","Cable One, Inc.",,,1,,,7093,,cable_one,
"Cable One, Inc.",Cable ONE,"Cable One, Inc.","Cable One, Inc.",,,1,,,7885,,cable_one,
"Cable One, Inc.",Cable ONE,"Cable One, Inc.","Cable One, Inc.",,,1,,,7424,,cable_one,
"Cable One, Inc.",Cable ONE,"Cable One, Inc.","Cable One, Inc.",,,1,,,7481,,cable_one,
"Cable One, Inc.",Cable ONE,"Cable One, Inc.","Cable One, Inc.",,,1,,,11701,,cable_one,
"Cable One, Inc.",Cable ONE,"Cable One, Inc.","Cable One, Inc.",,,1,,,10502,,cable_one,
"Cable One, Inc.",Cable ONE,"Cable One, Inc.","Cable One, Inc.",,,1,,,10504,,cable_one,
"Cable One, Inc.",Cable ONE,"Cable One, Inc.","Cable One, Inc.",,,1,,,11510,,cable_one,
"Cable One, Inc.",Cable ONE,"Cable One, Inc.","Cable One, Inc.",,,1,,,11706,,cable_one,
"Cable One, Inc.",Cable ONE,"Cable One, Inc.","Cable One, Inc.",,,1,,,12508,,cable_one,
"Cable One, Inc.",Cable ONE,"Cable One, Inc.","Cable One, Inc.",,,1,,,11713,,cable_one,
"Cable One, Inc.",Cable ONE,"Cable One, Inc.","Cable One, Inc.",,,1,,,11717,,cable_one,
"Cable One, Inc.",Cable ONE,"Cable One, Inc.","Cable One, Inc.",,,1,,,10510,,cable_one,
"Cable One, Inc.",Cable ONE,"Cable One, Inc.","Cable One, Inc.",,,1,,,10451,,cable_one,
"Cable One, Inc.",Cable ONE,"Cable One, Inc.","Cable One, Inc.",,,1,,,10452,,cable_one,
"Cable One, Inc.",Cable ONE,"Cable One, Inc.","Cable One, Inc.",,,1,,,10453,,cable_one,
"Cable One, Inc.",Cable ONE,"Cable One, Inc.","Cable One, Inc.",,,1,,,10454,,cable_one,
"Cable One, Inc.",Cable ONE,"Cable One, Inc.","Cable One, Inc.",,,1,,,10455,,cable_one,
"Cable One, Inc.",Cable ONE,"Cable One, Inc.","Cable One, Inc.",,,1,,,10456,,cable_one,
"Cable One, Inc.",Cable ONE,"Cable One, Inc.","Cable One, Inc.",,,1,,,10457,,cable_one,
"Cable One, Inc.",Cable ONE,"Cable One, Inc.","Cable One, Inc.",,,1,,,10458,,cable_one,
"Cable One, Inc.",Cable ONE,"Cable One, Inc.","Cable One, Inc.",,,1,,,10459,,cable_one,
"Cable One, Inc.",Cable ONE,"Cable One, Inc.","Cable One, Inc.",,,1,,,10460,,cable_one,
"Cable One, Inc.",Cable ONE,"Cable One, Inc.","Cable One, Inc.",,,1,,,10461,,cable_one,
"Cable One, Inc.",Cable ONE,"Cable One, Inc.","Cable One, Inc.",,,1,,,10462,,cable_one,
"Cable One, Inc.",Cable ONE,"Cable One, Inc.","Cable One, Inc.",,,1,,,10463,,cable_one,
"Cable One, Inc.",Cable ONE,"Cable One, Inc.","Cable One, Inc.",,,1,,,10464,,cable_one,
"Cable One, Inc.",Cable ONE,"Cable One, Inc.","Cable One, Inc.",,,1,,,10465,,cable_one,
"Cable One, Inc.",Cable ONE,"Cable One, Inc.","Cable One, Inc.",,,1,,,10466,,cable_one,
"Cable One, Inc.",Cable ONE,"Cable One, Inc.","Cable One, Inc.",,,1,,,10467,,cable_one,
"Cable One, Inc.",Cable ONE,"Cable One, Inc.","Cable One, Inc.",,,1,,,10468,,cable_one,
"Cable One, Inc.",Cable ONE,"Cable One, Inc.","Cable One, Inc.",,,1,,,10469,,cable_one,
"Cable One, Inc.",Cable ONE,"Cable One, Inc.","Cable One, Inc.",,,1,,,10470,,cable_one,
"Cable One, Inc.",Cable ONE,"Cable One, Inc.","Cable One, Inc.",,,1,,,10471,,cable_one,
"Cable One, Inc.",Cable ONE,"Cable One, Inc.","Cable One, Inc.",,,1,,,10472,,cable_one,
"Cable One, Inc.",Cable ONE,"Cable One, Inc.","Cable One, Inc.",,,1,,,10473,,cable_one,
"Cable One, Inc.",Cable ONE,"Cable One, Inc.","Cable One, Inc.",,,1,,,10474,,cable_one,
"Cable One, Inc.",Cable ONE,"Cable One, Inc.","Cable One, Inc.",,,1,,,10475,,cable_one,
"Cable One, Inc.",Cable ONE,"Cable One, Inc.","Cable One, Inc.",,,1,,,10708,,cable_one,
"Cable One, Inc.",Cable ONE,"Cable One, Inc.","Cable One, Inc.",,,1,,,11203,,cable_one,
"Cable One, Inc.",Cable ONE,"Cable One, Inc.","Cable One, Inc.",,,1,,,11204,,cable_one,
"Cable One, Inc.",Cable ONE,"Cable One, Inc.","Cable One, Inc.",,,1,,,11205,,cable_one,
"Cable One, Inc.",Cable ONE,"Cable One, Inc.","Cable One, Inc.",,,1,,,11206,,cable_one,
"Cable One, Inc.",Cable ONE,"Cable One, Inc.","Cable One, Inc.",,,1,,,11207,,cable_one,
"Cable One, Inc.",Cable ONE,"Cable One, Inc.","Cable One, Inc.",,,1,,,11208,,cable_one,
"Cable One, Inc.",Cable ONE,"Cable One, Inc.","Cable One, Inc.",,,1,,,11210,,cable_one,
"Cable One, Inc.",Cable ONE,"Cable One, Inc.","Cable One, Inc.",,,1,,,11211,,cable_one,
"Cable One, Inc.",Cable ONE,"Cable One, Inc.","Cable One, Inc.",,,1,,,11212,,cable_one,
"Cable One, Inc.",Cable ONE,"Cable One, Inc.","Cable One, Inc.",,,1,,,11213,,cable_one,
"Cable One, Inc.",Cable ONE,"Cable One, Inc.","Cable One, Inc.",,,1,,,11214,,cable_one,
"Cable One, Inc.",Cable ONE,"Cable One, Inc.","Cable One, Inc.",,,1,,,11215,,cable_one,
"Cable One, Inc.",Cable ONE,"Cable One, Inc.","Cable One, Inc.",,,1,,,11216,,cable_one,
"Cable One, Inc.",Cable ONE,"Cable One, Inc.","Cable One, Inc.",,,1,,,11217,,cable_one,
"Cable One, Inc.",Cable ONE,"Cable One, Inc.","Cable One, Inc.",,,1,,,11218,,cable_one,
"Cable One, Inc.",Cable ONE,"Cable One, Inc.","Cable One, Inc.",,,1,,,11219,,cable_one,
"Cable One, Inc.",Cable ONE,"Cable One, Inc.","Cable One, Inc.",,,1,,,11220,,cable_one,
"Cable One, Inc.",Cable ONE,"Cable One, Inc.","Cable One, Inc.",,,1,,,11221,,cable_one,
"Cable One, Inc.",Cable ONE,"Cable One, Inc.","Cable One, Inc.",,,1,,,11223,,cable_one,
"Cable One, Inc.",Cable ONE,"Cable One, Inc.","Cable One, Inc.",,,1,,,11224,,cable_one,
"Cable One, Inc.",Cable ONE,"Cable One, Inc.","Cable One, Inc.",,,1,,,11225,,cable_one,
"Cable One, Inc.",Cable ONE,"Cable One, Inc.","Cable One, Inc.",,,1,,,11226,,cable_one,
"Cable One, Inc.",Cable ONE,"Cable One, Inc.","Cable One, Inc.",,,1,,,11228,,cable_one,
"Cable One, Inc.",Cable ONE,"Cable One, Inc.","Cable One, Inc.",,,1,,,11229,,cable_one,
"Cable One, Inc.",Cable ONE,"Cable One, Inc.","Cable One, Inc.",,,1,,,11230,,cable_one,
"Cable One, Inc.",Cable ONE,"Cable One, Inc.","Cable One, Inc.",,,1,,,11233,,cable_one,
"Cable One, Inc.",Cable ONE,"Cable One, Inc.","Cable One, Inc.",,,1,,,11234,,cable_one,
"Cable One, Inc.",Cable ONE,"Cable One, Inc.","Cable One, Inc.",,,1,,,11235,,cable_one,
"Cable One, Inc.",Cable ONE,"Cable One, Inc.","Cable One, Inc.",,,1,,,11236,,cable_one,
"Cable One, Inc.",Cable ONE,"Cable One, Inc.","Cable One, Inc.",,,1,,,11237,,cable_one,
"Cable One, Inc.",Cable ONE,"Cable One, Inc.","Cable One, Inc.",,,1,,,11238,,cable_one,
"Cable One, Inc.",Cable ONE,"Cable One, Inc.","Cable One, Inc.",,,1,,,11239,,cable_one,
"Cable One, Inc.",Cable ONE,"Cable One, Inc.","Cable One, Inc.",,,1,,,10511,,cable_one,
"Cable One, Inc.",Cable ONE,"Cable One, Inc.","Cable One, Inc.",,,1,,,11516,,cable_one,
"Cable One, Inc.",Cable ONE,"Cable One, Inc.","Cable One, Inc.",,,1,,,11934,,cable_one,
"Cable One, Inc.",Cable ONE,"Cable One, Inc.","Cable One, Inc.",,,1,,,11720,,cable_one,
"Cable One, Inc.",Cable ONE,"Cable One, Inc.","Cable One, Inc.",,,1,,,11722,,cable_one,
"Cable One, Inc.",Cable ONE,"Cable One, Inc.","Cable One, Inc.",,,1,,,10514,,cable_one,
"Cable One, Inc.",Cable ONE,"Cable One, Inc.","Cable One, Inc.",,,1,,,10918,,cable_one,
"Cable One, Inc.",Cable ONE,"Cable One, Inc.","Cable One, Inc.",,,1,,,11726,,cable_one,
"Cable One, Inc.",Cable ONE,"Cable One, Inc.","Cable One, Inc.",,,1,,,11727,,cable_one,
"Cable One, Inc.",Cable ONE,"Cable One, Inc.","Cable One, Inc.",,,1,,,10567,,cable_one,
"Cable One, Inc.",Cable ONE,"Cable One, Inc.","Cable One, Inc.",,,1,,,10520,,cable_one,
"Cable One, Inc.",Cable ONE,"Cable One, Inc.","Cable One, Inc.",,,1,,,11935,,cable_one,
"Cable One, Inc.",Cable ONE,"Cable One, Inc.","Cable One, Inc.",,,1,,,11729,,cable_one,
"Cable One, Inc.",Cable ONE,"Cable One, Inc.","Cable One, Inc.",,,1,,,11746,,cable_one,
"Cable One, Inc.",Cable ONE,"Cable One, Inc.","Cable One, Inc.",,,1,,,10522,,cable_one,
"Cable One, Inc.",Cable ONE,"Cable One, Inc.","Cable One, Inc.",,,1,,,11731,,cable_one,
"Cable One, Inc.",Cable ONE,"Cable One, Inc.","Cable One, Inc.",,,1,,,11730,,cable_one,
"Cable One, Inc.",Cable ONE,"Cable One, Inc.","Cable One, Inc.",,,1,,,11554,,cable_one,
"Cable One, Inc.",Cable ONE,"Cable One, Inc.","Cable One, Inc.",,,1,,,10709,,cable_one,
"Cable One, Inc.",Cable ONE,"Cable One, Inc.","Cable One, Inc.",,,1,,,11003,,cable_one,
"Cable One, Inc.",Cable ONE,"Cable One, Inc.","Cable One, Inc.",,,1,,,10523,,cable_one,
"Cable One, Inc.",Cable ONE,"Cable One, Inc.","Cable One, Inc.",,,1,,,11735,,cable_one,
"Cable One, Inc.",Cable ONE,"Cable One, Inc.","Cable One, Inc.",,,1,,,12524,,cable_one,
"Cable One, Inc.",Cable ONE,"Cable One, Inc.","Cable One, Inc.",,,1,,,11520,,cable_one,
"Cable One, Inc.",Cable ONE,"Cable One, Inc.","Cable One, Inc.",,,1,,,10923,,cable_one,
"Cable One, Inc.",Cable ONE,"Cable One, Inc.","Cable One, Inc.",,,1,,,11542,,cable_one,
"Cable One, Inc.",Cable ONE,"Cable One, Inc.","Cable One, Inc.",,,1,,,11545,,cable_one,
"Cable One, Inc.",Cable ONE,"Cable One, Inc.","Cable One, Inc.",,,1,,,11944,,cable_one,
"Cable One, Inc.",Cable ONE,"Cable One, Inc.","Cable One, Inc.",,,1,,,11946,,cable_one,
"Cable One, Inc.",Cable ONE,"Cable One, Inc.","Cable One, Inc.",,,1,,,10926,,cable_one,
"Cable One, Inc.",Cable ONE,"Cable One, Inc.","Cable One, Inc.",,,1,,,10530,,cable_one,
"Cable One, Inc.",Cable ONE,"Cable One, Inc.","Cable One, Inc.",,,1,,,11788,,cable_one,
"Cable One, Inc.",Cable ONE,"Cable One, Inc.","Cable One, Inc.",,,1,,,10927,,cable_one,
"Cable One, Inc.",Cable ONE,"Cable One, Inc.","Cable One, Inc.",,,1,,,11550,,cable_one,
"Cable One, Inc.",Cable ONE,"Cable One, Inc.","Cable One, Inc.",,,1,,,11557,,cable_one,
"Cable One, Inc.",Cable ONE,"Cable One, Inc.","Cable One, Inc.",,,1,,,11801,,cable_one,
"Cable One, Inc.",Cable ONE,"Cable One, Inc.","Cable One, Inc.",,,1,,,12528,,cable_one,
"Cable One, Inc.",Cable ONE,"Cable One, Inc.","Cable One, Inc.",,,1,,,10930,,cable_one,
"Cable One, Inc.",Cable ONE,"Cable One, Inc.","Cable One, Inc.",,,1,,,12533,,cable_one,
"Cable One, Inc.",Cable ONE,"Cable One, Inc.","Cable One, Inc.",,,1,,,11096,,cable_one,
"Cable One, Inc.",Cable ONE,"Cable One, Inc.","Cable One, Inc.",,,1,,,11749,,cable_one,
"Cable One, Inc.",Cable ONE,"Cable One, Inc.","Cable One, Inc.",,,1,,,11752,,cable_one,
"Cable One, Inc.",Cable ONE,"Cable One, Inc.","Cable One, Inc.",,,1,,,10535,,cable_one,
"Cable One, Inc.",Cable ONE,"Cable One, Inc.","Cable One, Inc.",,,1,,,11754,,cable_one,
"Cable One, Inc.",Cable ONE,"Cable One, Inc.","Cable One, Inc.",,,1,,,11756,,cable_one,
"Cable One, Inc.",Cable ONE,"Cable One, Inc.","Cable One, Inc.",,,1,,,11757,,cable_one,
"Cable One, Inc.",Cable ONE,"Cable One, Inc.","Cable One, Inc.",,,1,,,11561,,cable_one,
"Cable One, Inc.",Cable ONE,"Cable One, Inc.","Cable One, Inc.",,,1,,,11563,,cable_one,
"Cable One, Inc.",Cable ONE,"Cable One, Inc.","Cable One, Inc.",,,1,,,11565,,cable_one,
"Cable One, Inc.",Cable ONE,"Cable One, Inc.","Cable One, Inc.",,,1,,,10543,,cable_one,
"Cable One, Inc.",Cable ONE,"Cable One, Inc.","Cable One, Inc.",,,1,,,11949,,cable_one,
"Cable One, Inc.",Cable ONE,"Cable One, Inc.","Cable One, Inc.",,,1,,,11758,,cable_one,
"Cable One, Inc.",Cable ONE,"Cable One, Inc.","Cable One, Inc.",,,1,,,11762,,cable_one,
"Cable One, Inc.",Cable ONE,"Cable One, Inc.","Cable One, Inc.",,,1,,,11951,,cable_one,
"Cable One, Inc.",Cable ONE,"Cable One, Inc.","Cable One, Inc.",,,1,,,11763,,cable_one,
"Cable One, Inc.",Cable ONE,"Cable One, Inc.","Cable One, Inc.",,,1,,,11566,,cable_one,
"Cable One, Inc.",Cable ONE,"Cable One, Inc.","Cable One, Inc.",,,1,,,11953,,cable_one,
"Cable One, Inc.",Cable ONE,"Cable One, Inc.","Cable One, Inc.",,,1,,,10940,,cable_one,
"Cable One, Inc.",Cable ONE,"Cable One, Inc.","Cable One, Inc.",,,1,,,12546,,cable_one,
"Cable One, Inc.",Cable ONE,"Cable One, Inc.","Cable One, Inc.",,,1,,,11501,,cable_one,
"Cable One, Inc.",Cable ONE,"Cable One, Inc.","Cable One, Inc.",,,1,,,10950,,cable_one,
"Cable One, Inc.",Cable ONE,"Cable One, Inc.","Cable One, Inc.",,,1,,,10952,,cable_one,
"Cable One, Inc.",Cable ONE,"Cable One, Inc.","Cable One, Inc.",,,1,,,10548,,cable_one,
"Cable One, Inc.",Cable ONE,"Cable One, Inc.","Cable One, Inc.",,,1,,,11955,,cable_one,
"Cable One, Inc.",Cable ONE,"Cable One, Inc.","Cable One, Inc.",,,1,,,10549,,cable_one,
"Cable One, Inc.",Cable ONE,"Cable One, Inc.","Cable One, Inc.",,,1,,,11710,,cable_one,
"Cable One, Inc.",Cable ONE,"Cable One, Inc.","Cable One, Inc.",,,1,,,11767,,cable_one,
"Cable One, Inc.",Cable ONE,"Cable One, Inc.","Cable One, Inc.",,,1,,,11040,,cable_one,
"Cable One, Inc.",Cable ONE,"Cable One, Inc.","Cable One, Inc.",,,1,,,10801,,cable_one,
"Cable One, Inc.",Cable ONE,"Cable One, Inc.","Cable One, Inc.",,,1,,,10804,,cable_one,
"Cable One, Inc.",Cable ONE,"Cable One, Inc.","Cable One, Inc.",,,1,,,10805,,cable_one,
"Cable One, Inc.",Cable ONE,"Cable One, Inc.","Cable One, Inc.",,,1,,,10960,,cable_one,
"Cable One, Inc.",Cable ONE,"Cable One, Inc.","Cable One, Inc.",,,1,,,11572,,cable_one,
"Cable One, Inc.",Cable ONE,"Cable One, Inc.","Cable One, Inc.",,,1,,,10562,,cable_one,
"Cable One, Inc.",Cable ONE,"Cable One, Inc.","Cable One, Inc.",,,1,,,11772,,cable_one,
"Cable One, Inc.",Cable ONE,"Cable One, Inc.","Cable One, Inc.",,,1,,,10965,,cable_one,
"Cable One, Inc.",Cable ONE,"Cable One, Inc.","Cable One, Inc.",,,1,,,10566,,cable_one,
"Cable One, Inc.",Cable ONE,"Cable One, Inc.","Cable One, Inc.",,,1,,,10803,,cable_one,
"Cable One, Inc.",Cable ONE,"Cable One, Inc.","Cable One, Inc.",,,1,,,10968,,cable_one,
"Cable One, Inc.",Cable ONE,"Cable One, Inc.","Cable One, Inc.",,,1,,,12567,,cable_one,
"Cable One, Inc.",Cable ONE,"Cable One, Inc.","Cable One, Inc.",,,1,,,10570,,cable_one,
"Cable One, Inc.",Cable ONE,"Cable One, Inc.","Cable One, Inc.",,,1,,,10970,,cable_one,
"Cable One, Inc.",Cable ONE,"Cable One, Inc.","Cable One, Inc.",,,1,,,10573,,cable_one,
"Cable One, Inc.",Cable ONE,"Cable One, Inc.","Cable One, Inc.",,,1,,,11776,,cable_one,
"Cable One, Inc.",Cable ONE,"Cable One, Inc.","Cable One, Inc.",,,1,,,12601,,cable_one,
"Cable One, Inc.",Cable ONE,"Cable One, Inc.","Cable One, Inc.",,,1,,,11901,,cable_one,
"Cable One, Inc.",Cable ONE,"Cable One, Inc.","Cable One, Inc.",,,1,,,11570,,cable_one,
"Cable One, Inc.",Cable ONE,"Cable One, Inc.","Cable One, Inc.",,,1,,,11778,,cable_one,
"Cable One, Inc.",Cable ONE,"Cable One, Inc.","Cable One, Inc.",,,1,,,11779,,cable_one,
"Cable One, Inc.",Cable ONE,"Cable One, Inc.","Cable One, Inc.",,,1,,,11575,,cable_one,
"Cable One, Inc.",Cable ONE,"Cable One, Inc.","Cable One, Inc.",,,1,,,10580,,cable_one,
"Cable One, Inc.",Cable ONE,"Cable One, Inc.","Cable One, Inc.",,,1,,,11782,,cable_one,
"Cable One, Inc.",Cable ONE,"Cable One, Inc.","Cable One, Inc.",,,1,,,10583,,cable_one,
"Cable One, Inc.",Cable ONE,"Cable One, Inc.","Cable One, Inc.",,,1,,,11579,,cable_one,
"Cable One, Inc.",Cable ONE,"Cable One, Inc.","Cable One, Inc.",,,1,,,11784,,cable_one,
"Cable One, Inc.",Cable ONE,"Cable One, Inc.","Cable One, Inc.",,,1,,,11964,,cable_one,
"Cable One, Inc.",Cable ONE,"Cable One, Inc.","Cable One, Inc.",,,1,,,11967,,cable_one,
"Cable One, Inc.",Cable ONE,"Cable One, Inc.","Cable One, Inc.",,,1,,,10974,,cable_one,
"Cable One, Inc.",Cable ONE,"Cable One, Inc.","Cable One, Inc.",,,1,,,10589,,cable_one,
"Cable One, Inc.",Cable ONE,"Cable One, Inc.","Cable One, Inc.",,,1,,,10975,,cable_one,
"Cable One, Inc.",Cable ONE,"Cable One, Inc.","Cable One, Inc.",,,1,,,11971,,cable_one,
"Cable One, Inc.",Cable ONE,"Cable One, Inc.","Cable One, Inc.",,,1,,,11972,,cable_one,
"Cable One, Inc.",Cable ONE,"Cable One, Inc.","Cable One, Inc.",,,1,,,10977,,cable_one,
"Cable One, Inc.",Cable ONE,"Cable One, Inc.","Cable One, Inc.",,,1,,,11780,,cable_one,
"Cable One, Inc.",Cable ONE,"Cable One, Inc.","Cable One, Inc.",,,1,,,11790,,cable_one,
"Cable One, Inc.",Cable ONE,"Cable One, Inc.","Cable One, Inc.",,,1,,,10901,,cable_one,
"Cable One, Inc.",Cable ONE,"Cable One, Inc.","Cable One, Inc.",,,1,,,10983,,cable_one,
"Cable One, Inc.",Cable ONE,"Cable One, Inc.","Cable One, Inc.",,,1,,,10591,,cable_one,
"Cable One, Inc.",Cable ONE,"Cable One, Inc.","Cable One, Inc.",,,1,,,10984,,cable_one,
"Cable One, Inc.",Cable ONE,"Cable One, Inc.","Cable One, Inc.",,,1,,,10707,,cable_one,
"Cable One, Inc.",Cable ONE,"Cable One, Inc.","Cable One, Inc.",,,1,,,11553,,cable_one,
"Cable One, Inc.",Cable ONE,"Cable One, Inc.","Cable One, Inc.",,,1,,,10989,,cable_one,
"Cable One, Inc.",Cable ONE,"Cable One, Inc.","Cable One, Inc.",,,1,,,11580,,cable_one,
"Cable One, Inc.",Cable ONE,"Cable One, Inc.","Cable One, Inc.",,,1,,,11581,,cable_one,
"Cable One, Inc.",Cable ONE,"Cable One, Inc.","Cable One, Inc.",,,1,,,10596,,cable_one,
"Cable One, Inc.",Cable ONE,"Cable One, Inc.","Cable One, Inc.",,,1,,,11793,,cable_one,
"Cable One, Inc.",Cable ONE,"Cable One, Inc.","Cable One, Inc.",,,1,,,10990,,cable_one,
"Cable One, Inc.",Cable ONE,"Cable One, Inc.","Cable One, Inc.",,,1,,,10604,,cable_one,
"Cable One, Inc.",Cable ONE,"Cable One, Inc.","Cable One, Inc.",,,1,,,11552,,cable_one,
"Cable One, Inc.",Cable ONE,"Cable One, Inc.","Cable One, Inc.",,,1,,,10994,,cable_one,
"Cable One, Inc.",Cable ONE,"Cable One, Inc.","Cable One, Inc.",,,1,,,11590,,cable_one,
"Cable One, Inc.",Cable ONE,"Cable One, Inc.","Cable One, Inc.",,,1,,,10601,,cable_one,
"Cable One, Inc.",Cable ONE,"Cable One, Inc.","Cable One, Inc.",,,1,,,10603,,cable_one,
"Cable One, Inc.",Cable ONE,"Cable One, Inc.","Cable One, Inc.",,,1,,,10606,,cable_one,
"Cable One, Inc.",Cable ONE,"Cable One, Inc.","Cable One, Inc.",,,1,,,10607,,cable_one,
"Cable One, Inc.",Cable ONE,"Cable One, Inc.","Cable One, Inc.",,,1,,,11798,,cable_one,
"Cable One, Inc.",Cable ONE,"Cable One, Inc.","Cable One, Inc.",,,1,,,10701,,cable_one,
"Cable One, Inc.",Cable ONE,"Cable One, Inc.","Cable One, Inc.",,,1,,,10703,,cable_one,
"Cable One, Inc.",Cable ONE,"Cable One, Inc.","Cable One, Inc.",,,1,,,10704,,cable_one,
"Cable One, Inc.",Cable ONE,"Cable One, Inc.","Cable One, Inc.",,,1,,,10705,,cable_one,
"Cable One, Inc.",Cable ONE,"Cable One, Inc.","Cable One, Inc.",,,1,,,10710,,cable_one,
"Cable One, Inc.",Cable ONE,"Cable One, Inc.","Cable One, Inc.",,,1,,,10598,,cable_one,
"Cable One, Inc.",Cable ONE,"Cable One, Inc.","Cable One, Inc.",,,1,,,18336,,cable_one,
"Cable One, Inc.",Cable ONE,"Cable One, Inc.","Cable One, Inc.",,,1,,,6830,,cable_one,
"Cable One, Inc.",Cable ONE,"Cable One, Inc.","Cable One, Inc.",,,1,,,6850,,cable_one,
"Cable One, Inc.",Cable ONE,"Cable One, Inc.","Cable One, Inc.",,,1,,,6779,,cable_one,
"Cable One, Inc.",Cable ONE,"Cable One, Inc.","Cable One, Inc.",,,1,,,6477,,cable_one,
"Cable One, Inc.",Cable ONE,"Cable One, Inc.","Cable One, Inc.",,,1,,,6787,,cable_one,
"Cable One, Inc.",Cable ONE,"Cable One, Inc.","Cable One, Inc.",,,1,,,7621,,cable_one,
"Cable One, Inc.",Cable ONE,"Cable One, Inc.","Cable One, Inc.",,,1,,,7720,,cable_one,
"Cable One, Inc.",Cable ONE,"Cable One, Inc.","Cable One, Inc.",,,1,,,7828,,cable_one,
"Cable One, Inc.",Cable ONE,"Cable One, Inc.","Cable One, Inc.",,,1,,,7626,,cable_one,
"Cable One, Inc.",Cable ONE,"Cable One, Inc.","Cable One, Inc.",,,1,,,8820,,cable_one,
"Cable One, Inc.",Cable ONE,"Cable One, Inc.","Cable One, Inc.",,,1,,,8837,,cable_one,
"Cable One, Inc.",Cable ONE,"Cable One, Inc.","Cable One, Inc.",,,1,,,7726,,cable_one,
"Cable One, Inc.",Cable ONE,"Cable One, Inc.","Cable One, Inc.",,,1,,,7417,,cable_one,
"Cable One, Inc.",Cable ONE,"Cable One, Inc.","Cable One, Inc.",,,1,,,8610,,cable_one,
"Cable One, Inc.",Cable ONE,"Cable One, Inc.","Cable One, Inc.",,,1,,,7641,,cable_one,
"Cable One, Inc.",Cable ONE,"Cable One, Inc.","Cable One, Inc.",,,1,,,8735,,cable_one,
"Cable One, Inc.",Cable ONE,"Cable One, Inc.","Cable One, Inc.",,,1,,,8840,,cable_one,
"Cable One, Inc.",Cable ONE,"Cable One, Inc.","Cable One, Inc.",,,1,,,8850,,cable_one,
"Cable One, Inc.",Cable ONE,"Cable One, Inc.","Cable One, Inc.",,,1,,,7645,,cable_one,
"Cable One, Inc.",Cable ONE,"Cable One, Inc.","Cable One, Inc.",,,1,,,7438,,cable_one,
"Cable One, Inc.",Cable ONE,"Cable One, Inc.","Cable One, Inc.",,,1,,,7436,,cable_one,
"Cable One, Inc.",Cable ONE,"Cable One, Inc.","Cable One, Inc.",,,1,,,7505,,cable_one,
"Cable One, Inc.",Cable ONE,"Cable One, Inc.","Cable One, Inc.",,,1,,,7524,,cable_one,
"Cable One, Inc.",Cable ONE,"Cable One, Inc.","Cable One, Inc.",,,1,,,7675,,cable_one,
"Cable One, Inc.",Cable ONE,"Cable One, Inc.","Cable One, Inc.",,,1,,,7662,,cable_one,
"Cable One, Inc.",Cable ONE,"Cable One, Inc.","Cable One, Inc.",,,1,,,7866,,cable_one,
"Cable One, Inc.",Cable ONE,"Cable One, Inc.","Cable One, Inc.",,,1,,,8876,,cable_one,
"Cable One, Inc.",Cable ONE,"Cable One, Inc.","Cable One, Inc.",,,1,,,7666,,cable_one,
"Cable One, Inc.",Cable ONE,"Cable One, Inc.","Cable One, Inc.",,,1,,,7082,,cable_one,
"Cable One, Inc.",Cable ONE,"Cable One, Inc.","Cable One, Inc.",,,1,,,8629,,cable_one,
"Cable One, Inc.",Cable ONE,"Cable One, Inc.","Cable One, Inc.",,,1,,,8690,,cable_one,
"Cable One, Inc.",Cable ONE,"Cable One, Inc.","Cable One, Inc.",,,1,,,7463,,cable_one,
"Cable One, Inc.",Cable ONE,"Cable One, Inc.","Cable One, Inc.",,,1,,,7480,,cable_one,
"Cable One, Inc.",Cable ONE,"Cable One, Inc.","Cable One, Inc.",,,1,,,11702,,cable_one,
"Cable One, Inc.",Cable ONE,"Cable One, Inc.","Cable One, Inc.",,,1,,,10913,,cable_one,
"Cable One, Inc.",Cable ONE,"Cable One, Inc.","Cable One, Inc.",,,1,,,11933,,cable_one,
"Cable One, Inc.",Cable ONE,"Cable One, Inc.","Cable One, Inc.",,,1,,,11514,,cable_one,
"Cable One, Inc.",Cable ONE,"Cable One, Inc.","Cable One, Inc.",,,1,,,12514,,cable_one,
"Cable One, Inc.",Cable ONE,"Cable One, Inc.","Cable One, Inc.",,,1,,,10516,,cable_one,
"Cable One, Inc.",Cable ONE,"Cable One, Inc.","Cable One, Inc.",,,1,,,10920,,cable_one,
"Cable One, Inc.",Cable ONE,"Cable One, Inc.","Cable One, Inc.",,,1,,,11940,,cable_one,
"Cable One, Inc.",Cable ONE,"Cable One, Inc.","Cable One, Inc.",,,1,,,11942,,cable_one,
"Cable One, Inc.",Cable ONE,"Cable One, Inc.","Cable One, Inc.",,,1,,,11738,,cable_one,
"Cable One, Inc.",Cable ONE,"Cable One, Inc.","Cable One, Inc.",,,1,,,11010,,cable_one,
"Cable One, Inc.",Cable ONE,"Cable One, Inc.","Cable One, Inc.",,,1,,,11530,,cable_one,
"Cable One, Inc.",Cable ONE,"Cable One, Inc.","Cable One, Inc.",,,1,,,10524,,cable_one,
"Cable One, Inc.",Cable ONE,"Cable One, Inc.","Cable One, Inc.",,,1,,,11547,,cable_one,
"Cable One, Inc.",Cable ONE,"Cable One, Inc.","Cable One, Inc.",,,1,,,10528,,cable_one,
"Cable One, Inc.",Cable ONE,"Cable One, Inc.","Cable One, Inc.",,,1,,,10931,,cable_one,
"Cable One, Inc.",Cable ONE,"Cable One, Inc.","Cable One, Inc.",,,1,,,11743,,cable_one,
"Cable One, Inc.",Cable ONE,"Cable One, Inc.","Cable One, Inc.",,,1,,,12538,,cable_one,
"Cable One, Inc.",Cable ONE,"Cable One, Inc.","Cable One, Inc.",,,1,,,11751,,cable_one,
"Cable One, Inc.",Cable ONE,"Cable One, Inc.","Cable One, Inc.",,,1,,,10536,,cable_one,
"Cable One, Inc.",Cable ONE,"Cable One, Inc.","Cable One, Inc.",,,1,,,11559,,cable_one,
"Cable One, Inc.",Cable ONE,"Cable One, Inc.","Cable One, Inc.",,,1,,,11950,,cable_one,
"Cable One, Inc.",Cable ONE,"Cable One, Inc.","Cable One, Inc.",,,1,,,11952,,cable_one,
"Cable One, Inc.",Cable ONE,"Cable One, Inc.","Cable One, Inc.",,,1,,,12545,,cable_one,
"Cable One, Inc.",Cable ONE,"Cable One, Inc.","Cable One, Inc.",,,1,,,10547,,cable_one,
"Cable One, Inc.",Cable ONE,"Cable One, Inc.","Cable One, Inc.",,,1,,,11703,,cable_one,
"Cable One, Inc.",Cable ONE,"Cable One, Inc.","Cable One, Inc.",,,1,,,10956,,cable_one,
"Cable One, Inc.",Cable ONE,"Cable One, Inc.","Cable One, Inc.",,,1,,,11768,,cable_one,
"Cable One, Inc.",Cable ONE,"Cable One, Inc.","Cable One, Inc.",,,1,,,10962,,cable_one,
"Cable One, Inc.",Cable ONE,"Cable One, Inc.","Cable One, Inc.",,,1,,,11958,,cable_one,
"Cable One, Inc.",Cable ONE,"Cable One, Inc.","Cable One, Inc.",,,1,,,12771,,cable_one,
"Cable One, Inc.",Cable ONE,"Cable One, Inc.","Cable One, Inc.",,,1,,,11050,,cable_one,
"Cable One, Inc.",Cable ONE,"Cable One, Inc.","Cable One, Inc.",,,1,,,12603,,cable_one,
"Cable One, Inc.",Cable ONE,"Cable One, Inc.","Cable One, Inc.",,,1,,,11961,,cable_one,
"Cable One, Inc.",Cable ONE,"Cable One, Inc.","Cable One, Inc.",,,1,,,11783,,cable_one,
"Cable One, Inc.",Cable ONE,"Cable One, Inc.","Cable One, Inc.",,,1,,,11733,,cable_one,
"Cable One, Inc.",Cable ONE,"Cable One, Inc.","Cable One, Inc.",,,1,,,11968,,cable_one,
"Cable One, Inc.",Cable ONE,"Cable One, Inc.","Cable One, Inc.",,,1,,,10980,,cable_one,
"Cable One, Inc.",Cable ONE,"Cable One, Inc.","Cable One, Inc.",,,1,,,10987,,cable_one,
"Cable One, Inc.",Cable ONE,"Cable One, Inc.","Cable One, Inc.",,,1,,,11704,,cable_one,
"Cable One, Inc.",Cable ONE,"Cable One, Inc.","Cable One, Inc.",,,1,,,12589,,cable_one,
"Cable One, Inc.",Cable ONE,"Cable One, Inc.","Cable One, Inc.",,,1,,,12590,,cable_one,
"Cable One, Inc.",Cable ONE,"Cable One, Inc.","Cable One, Inc.",,,1,,,11795,,cable_one,
"Cable One, Inc.",Cable ONE,"Cable One, Inc.","Cable One, Inc.",,,1,,,11796,,cable_one,
"Cable One, Inc.",Cable ONE,"Cable One, Inc.","Cable One, Inc.",,,1,,,10605,,cable_one,
"Cable One, Inc.",Cable ONE,"Cable One, Inc.","Cable One, Inc.",,,1,,,6824,,cable_one,
"Cable One, Inc.",Cable ONE,"Cable One, Inc.","Cable One, Inc.",,,1,,,6756,,cable_one,
"Cable One, Inc.",Cable ONE,"Cable One, Inc.","Cable One, Inc.",,,1,,,7921,,cable_one,
"Cable One, Inc.",Cable ONE,"Cable One, Inc.","Cable One, Inc.",,,1,,,8730,,cable_one,
"Cable One, Inc.",Cable ONE,"Cable One, Inc.","Cable One, Inc.",,,1,,,7407,,cable_one,
"Cable One, Inc.",Cable ONE,"Cable One, Inc.","Cable One, Inc.",,,1,,,7932,,cable_one,
"Cable One, Inc.",Cable ONE,"Cable One, Inc.","Cable One, Inc.",,,1,,,7642,,cable_one,
"Cable One, Inc.",Cable ONE,"Cable One, Inc.","Cable One, Inc.",,,1,,,8846,,cable_one,
"Cable One, Inc.",Cable ONE,"Cable One, Inc.","Cable One, Inc.",,,1,,,7856,,cable_one,
"Cable One, Inc.",Cable ONE,"Cable One, Inc.","Cable One, Inc.",,,1,,,7646,,cable_one,
"Cable One, Inc.",Cable ONE,"Cable One, Inc.","Cable One, Inc.",,,1,,,8857,,cable_one,
"Cable One, Inc.",Cable ONE,"Cable One, Inc.","Cable One, Inc.",,,1,,,7661,,cable_one,
"Cable One, Inc.",Cable ONE,"Cable One, Inc.","Cable One, Inc.",,,1,,,7874,,cable_one,
"Cable One, Inc.",Cable ONE,"Cable One, Inc.","Cable One, Inc.",,,1,,,7470,,cable_one,
"Cable One, Inc.",Cable ONE,"Cable One, Inc.","Cable One, Inc.",,,1,,,7086,,cable_one,
"Cable One, Inc.",Cable ONE,"Cable One, Inc.","Cable One, Inc.",,,1,,,11509,,cable_one,
"Cable One, Inc.",Cable ONE,"Cable One, Inc.","Cable One, Inc.",,,1,,,10506,,cable_one,
"Cable One, Inc.",Cable ONE,"Cable One, Inc.","Cable One, Inc.",,,1,,,11932,,cable_one,
"Cable One, Inc.",Cable ONE,"Cable One, Inc.","Cable One, Inc.",,,1,,,11719,,cable_one,
"Cable One, Inc.",Cable ONE,"Cable One, Inc.","Cable One, Inc.",,,1,,,11209,,cable_one,
"Cable One, Inc.",Cable ONE,"Cable One, Inc.","Cable One, Inc.",,,1,,,11232,,cable_one,
"Cable One, Inc.",Cable ONE,"Cable One, Inc.","Cable One, Inc.",,,1,,,10917,,cable_one,
"Cable One, Inc.",Cable ONE,"Cable One, Inc.","Cable One, Inc.",,,1,,,11725,,cable_one,
"Cable One, Inc.",Cable ONE,"Cable One, Inc.","Cable One, Inc.",,,1,,,11937,,cable_one,
"Cable One, Inc.",Cable ONE,"Cable One, Inc.","Cable One, Inc.",,,1,,,10532,,cable_one,
"Cable One, Inc.",Cable ONE,"Cable One, Inc.","Cable One, Inc.",,,1,,,11741,,cable_one,
"Cable One, Inc.",Cable ONE,"Cable One, Inc.","Cable One, Inc.",,,1,,,11742,,cable_one,
"Cable One, Inc.",Cable ONE,"Cable One, Inc.","Cable One, Inc.",,,1,,,10533,,cable_one,
"Cable One, Inc.",Cable ONE,"Cable One, Inc.","Cable One, Inc.",,,1,,,11558,,cable_one,
"Cable One, Inc.",Cable ONE,"Cable One, Inc.","Cable One, Inc.",,,1,,,10538,,cable_one,
"Cable One, Inc.",Cable ONE,"Cable One, Inc.","Cable One, Inc.",,,1,,,11560,,cable_one,
"Cable One, Inc.",Cable ONE,"Cable One, Inc.","Cable One, Inc.",,,1,,,11030,,cable_one,
"Cable One, Inc.",Cable ONE,"Cable One, Inc.","Cable One, Inc.",,,1,,,11747,,cable_one,
"Cable One, Inc.",Cable ONE,"Cable One, Inc.","Cable One, Inc.",,,1,,,11764,,cable_one,
"Cable One, Inc.",Cable ONE,"Cable One, Inc.","Cable One, Inc.",,,1,,,10546,,cable_one,
"Cable One, Inc.",Cable ONE,"Cable One, Inc.","Cable One, Inc.",,,1,,,10954,,cable_one,
"Cable One, Inc.",Cable ONE,"Cable One, Inc.","Cable One, Inc.",,,1,,,11568,,cable_one,
"Cable One, Inc.",Cable ONE,"Cable One, Inc.","Cable One, Inc.",,,1,,,11771,,cable_one,
"Cable One, Inc.",Cable ONE,"Cable One, Inc.","Cable One, Inc.",,,1,,,11777,,cable_one,
"Cable One, Inc.",Cable ONE,"Cable One, Inc.","Cable One, Inc.",,,1,,,10588,,cable_one,
"Cable One, Inc.",Cable ONE,"Cable One, Inc.","Cable One, Inc.",,,1,,,10982,,cable_one,
"Cable One, Inc.",Cable ONE,"Cable One, Inc.","Cable One, Inc.",,,1,,,11797,,cable_one,
"Cable One, Inc.",Cable ONE,"Cable One, Inc.","Cable One, Inc.",,,1,,,6825,,cable_one,
"Cable One, Inc.",Cable ONE,"Cable One, Inc.","Cable One, Inc.",,,1,,,6890,,cable_one,
"Cable One, Inc.",Cable ONE,"Cable One, Inc.","Cable One, Inc.",,,1,,,6880,,cable_one,
"Cable One, Inc.",Cable ONE,"Cable One, Inc.","Cable One, Inc.",,,1,,,6525,,cable_one,
"Cable One, Inc.",Cable ONE,"Cable One, Inc.","Cable One, Inc.",,,1,,,7717,,cable_one,
"Cable One, Inc.",Cable ONE,"Cable One, Inc.","Cable One, Inc.",,,1,,,7603,,cable_one,
"Cable One, Inc.",Cable ONE,"Cable One, Inc.","Cable One, Inc.",,,1,,,8807,,cable_one,
"Cable One, Inc.",Cable ONE,"Cable One, Inc.","Cable One, Inc.",,,1,,,7009,,cable_one,
"Cable One, Inc.",Cable ONE,"Cable One, Inc.","Cable One, Inc.",,,1,,,8510,,cable_one,
"Cable One, Inc.",Cable ONE,"Cable One, Inc.","Cable One, Inc.",,,1,,,7722,,cable_one,
"Cable One, Inc.",Cable ONE,"Cable One, Inc.","Cable One, Inc.",,,1,,,7727,,cable_one,
"Cable One, Inc.",Cable ONE,"Cable One, Inc.","Cable One, Inc.",,,1,,,7111,,cable_one,
"Cable One, Inc.",Cable ONE,"Cable One, Inc.","Cable One, Inc.",,,1,,,7850,,cable_one,
"Cable One, Inc.",Cable ONE,"Cable One, Inc.","Cable One, Inc.",,,1,,,8736,,cable_one,
"Cable One, Inc.",Cable ONE,"Cable One, Inc.","Cable One, Inc.",,,1,,,7607,,cable_one,
"Cable One, Inc.",Cable ONE,"Cable One, Inc.","Cable One, Inc.",,,1,,,7857,,cable_one,
"Cable One, Inc.",Cable ONE,"Cable One, Inc.","Cable One, Inc.",,,1,,,7647,,cable_one,
"Cable One, Inc.",Cable ONE,"Cable One, Inc.","Cable One, Inc.",,,1,,,7648,,cable_one,
"Cable One, Inc.",Cable ONE,"Cable One, Inc.","Cable One, Inc.",,,1,,,7054,,cable_one,
"Cable One, Inc.",Cable ONE,"Cable One, Inc.","Cable One, Inc.",,,1,,,7442,,cable_one,
"Cable One, Inc.",Cable ONE,"Cable One, Inc.","Cable One, Inc.",,,1,,,7450,,cable_one,
"Cable One, Inc.",Cable ONE,"Cable One, Inc.","Cable One, Inc.",,,1,,,8880,,cable_one,
"Cable One, Inc.",Cable ONE,"Cable One, Inc.","Cable One, Inc.",,,1,,,7876,,cable_one,
"Cable One, Inc.",Cable ONE,"Cable One, Inc.","Cable One, Inc.",,,1,,,8609,,cable_one,
"Cable One, Inc.",Cable ONE,"Cable One, Inc.","Cable One, Inc.",,,1,,,7981,,cable_one,
"Cable One, Inc.",Cable ONE,"Cable One, Inc.","Cable One, Inc.",,,1,,,11507,,cable_one,
"Cable One, Inc.",Cable ONE,"Cable One, Inc.","Cable One, Inc.",,,1,,,12501,,cable_one,
"Cable One, Inc.",Cable ONE,"Cable One, Inc.","Cable One, Inc.",,,1,,,11718,,cable_one,
"Cable One, Inc.",Cable ONE,"Cable One, Inc.","Cable One, Inc.",,,1,,,12522,,cable_one,
"Cable One, Inc.",Cable ONE,"Cable One, Inc.","Cable One, Inc.",,,1,,,11732,,cable_one,
"Cable One, Inc.",Cable ONE,"Cable One, Inc.","Cable One, Inc.",,,1,,,11001,,cable_one,
"Cable One, Inc.",Cable ONE,"Cable One, Inc.","Cable One, Inc.",,,1,,,10921,,cable_one,
"Cable One, Inc.",Cable ONE,"Cable One, Inc.","Cable One, Inc.",,,1,,,11740,,cable_one,
"Cable One, Inc.",Cable ONE,"Cable One, Inc.","Cable One, Inc.",,,1,,,10925,,cable_one,
"Cable One, Inc.",Cable ONE,"Cable One, Inc.","Cable One, Inc.",,,1,,,10706,,cable_one,
"Cable One, Inc.",Cable ONE,"Cable One, Inc.","Cable One, Inc.",,,1,,,10537,,cable_one,
"Cable One, Inc.",Cable ONE,"Cable One, Inc.","Cable One, Inc.",,,1,,,10969,,cable_one,
"Cable One, Inc.",Cable ONE,"Cable One, Inc.","Cable One, Inc.",,,1,,,11803,,cable_one,
"Cable One, Inc.",Cable ONE,"Cable One, Inc.","Cable One, Inc.",,,1,,,11576,,cable_one,
"Cable One, Inc.",Cable ONE,"Cable One, Inc.","Cable One, Inc.",,,1,,,11577,,cable_one,
"Cable One, Inc.",Cable ONE,"Cable One, Inc.","Cable One, Inc.",,,1,,,11787,,cable_one,
"Cable One, Inc.",Cable ONE,"Cable One, Inc.","Cable One, Inc.",,,1,,,11789,,cable_one,
"Cable One, Inc.",Cable ONE,"Cable One, Inc.","Cable One, Inc.",,,1,,,11977,,cable_one,
"Cable One, Inc.",Cable ONE,"Cable One, Inc.","Cable One, Inc.",,,1,,,11978,,cable_one,
"Cable One, Inc.",Cable ONE,"Cable One, Inc.","Cable One, Inc.",,,1,,,12594,,cable_one,
"Cable One, Inc.",Cable ONE,"Cable One, Inc.","Cable One, Inc.",,,1,,,18337,,cable_one,
"Cable One, Inc.",Cable ONE,"Cable One, Inc.","Cable One, Inc.",,,1,,,6840,,cable_one,
"Cable One, Inc.",Cable ONE,"Cable One, Inc.","Cable One, Inc.",,,1,,,8514,,cable_one,
"Cable One, Inc.",Cable ONE,"Cable One, Inc.","Cable One, Inc.",,,1,,,7628,,cable_one,
"Cable One, Inc.",Cable ONE,"Cable One, Inc.","Cable One, Inc.",,,1,,,7410,,cable_one,
"Cable One, Inc.",Cable ONE,"Cable One, Inc.","Cable One, Inc.",,,1,,,7840,,cable_one,
"Cable One, Inc.",Cable ONE,"Cable One, Inc.","Cable One, Inc.",,,1,,,7640,,cable_one,
"Cable One, Inc.",Cable ONE,"Cable One, Inc.","Cable One, Inc.",,,1,,,7035,,cable_one,
"Cable One, Inc.",Cable ONE,"Cable One, Inc.","Cable One, Inc.",,,1,,,7432,,cable_one,
"Cable One, Inc.",Cable ONE,"Cable One, Inc.","Cable One, Inc.",,,1,,,7045,,cable_one,
"Cable One, Inc.",Cable ONE,"Cable One, Inc.","Cable One, Inc.",,,1,,,7060,,cable_one,
"Cable One, Inc.",Cable ONE,"Cable One, Inc.","Cable One, Inc.",,,1,,,8533,,cable_one,
"Cable One, Inc.",Cable ONE,"Cable One, Inc.","Cable One, Inc.",,,1,,,7755,,cable_one,
"Cable One, Inc.",Cable ONE,"Cable One, Inc.","Cable One, Inc.",,,1,,,7756,,cable_one,
"Cable One, Inc.",Cable ONE,"Cable One, Inc.","Cable One, Inc.",,,1,,,7079,,cable_one,
"Cable One, Inc.",Cable ONE,"Cable One, Inc.","Cable One, Inc.",,,1,,,7762,,cable_one,
"Cable One, Inc.",Cable ONE,"Cable One, Inc.","Cable One, Inc.",,,1,,,8611,,cable_one,
"Cable One, Inc.",Cable ONE,"Cable One, Inc.","Cable One, Inc.",,,1,,,8638,,cable_one,
"Cable One, Inc.",Cable ONE,"Cable One, Inc.","Cable One, Inc.",,,1,,,7465,,cable_one,
"Cable One, Inc.",Cable ONE,"Cable One, Inc.","Cable One, Inc.",,,1,,,7059,,cable_one,
"Cable One, Inc.",Cable ONE,"Cable One, Inc.","Cable One, Inc.",,,1,,,7075,,cable_one,
"Cable One, Inc.",Cable ONE,"Cable One, Inc.","Cable One, Inc.",,,1,,,11705,,cable_one,
"Cable One, Inc.",Cable ONE,"Cable One, Inc.","Cable One, Inc.",,,1,,,11709,,cable_one,
"Cable One, Inc.",Cable ONE,"Cable One, Inc.","Cable One, Inc.",,,1,,,11714,,cable_one,
"Cable One, Inc.",Cable ONE,"Cable One, Inc.","Cable One, Inc.",,,1,,,11715,,cable_one,
"Cable One, Inc.",Cable ONE,"Cable One, Inc.","Cable One, Inc.",,,1,,,11249,,cable_one,
"Cable One, Inc.",Cable ONE,"Cable One, Inc.","Cable One, Inc.",,,1,,,12515,,cable_one,
"Cable One, Inc.",Cable ONE,"Cable One, Inc.","Cable One, Inc.",,,1,,,10519,,cable_one,
"Cable One, Inc.",Cable ONE,"Cable One, Inc.","Cable One, Inc.",,,1,,,11518,,cable_one,
"Cable One, Inc.",Cable ONE,"Cable One, Inc.","Cable One, Inc.",,,1,,,11941,,cable_one,
"Cable One, Inc.",Cable ONE,"Cable One, Inc.","Cable One, Inc.",,,1,,,10933,,cable_one,
"Cable One, Inc.",Cable ONE,"Cable One, Inc.","Cable One, Inc.",,,1,,,11755,,cable_one,
"Cable One, Inc.",Cable ONE,"Cable One, Inc.","Cable One, Inc.",,,1,,,11954,,cable_one,
"Cable One, Inc.",Cable ONE,"Cable One, Inc.","Cable One, Inc.",,,1,,,11769,,cable_one,
"Cable One, Inc.",Cable ONE,"Cable One, Inc.","Cable One, Inc.",,,1,,,10976,,cable_one,
"Cable One, Inc.",Cable ONE,"Cable One, Inc.","Cable One, Inc.",,,1,,,10594,,cable_one,
"Cable One, Inc.",Cable ONE,"Cable One, Inc.","Cable One, Inc.",,,1,,,11792,,cable_one,
"Cable One, Inc.",Cable ONE,"Cable One, Inc.","Cable One, Inc.",,,1,,,11976,,cable_one,
"Cable One, Inc.",Cable ONE,"Cable One, Inc.","Cable One, Inc.",,,1,,,11596,,cable_one,
"Cable One, Inc.",Cable ONE,"Cable One, Inc.","Cable One, Inc.",,,1,,,6612,,cable_one,
"Cable One, Inc.",Cable ONE,"Cable One, Inc.","Cable One, Inc.",,,1,,,6831,,cable_one,
"Cable One, Inc.",Cable ONE,"Cable One, Inc.","Cable One, Inc.",,,1,,,6907,,cable_one,
"Cable One, Inc.",Cable ONE,"Cable One, Inc.","Cable One, Inc.",,,1,,,7821,,cable_one,
"Cable One, Inc.",Cable ONE,"Cable One, Inc.","Cable One, Inc.",,,1,,,7630,,cable_one,
"Cable One, Inc.",Cable ONE,"Cable One, Inc.","Cable One, Inc.",,,1,,,8619,,cable_one,
"Cable One, Inc.",Cable ONE,"Cable One, Inc.","Cable One, Inc.",,,1,,,7604,,cable_one,
"Cable One, Inc.",Cable ONE,"Cable One, Inc.","Cable One, Inc.",,,1,,,7847,,cable_one,
"Cable One, Inc.",Cable ONE,"Cable One, Inc.","Cable One, Inc.",,,1,,,7849,,cable_one,
"Cable One, Inc.",Cable ONE,"Cable One, Inc.","Cable One, Inc.",,,1,,,7751,,cable_one,
"Cable One, Inc.",Cable ONE,"Cable One, Inc.","Cable One, Inc.",,,1,,,7440,,cable_one,
"Cable One, Inc.",Cable ONE,"Cable One, Inc.","Cable One, Inc.",,,1,,,7663,,cable_one,
"Cable One, Inc.",Cable ONE,"Cable One, Inc.","Cable One, Inc.",,,1,,,8752,,cable_one,
"Cable One, Inc.",Cable ONE,"Cable One, Inc.","Cable One, Inc.",,,1,,,7735,,cable_one,
"Cable One, Inc.",Cable ONE,"Cable One, Inc.","Cable One, Inc.",,,1,,,11716,,cable_one,
"Cable One, Inc.",Cable ONE,"Cable One, Inc.","Cable One, Inc.",,,1,,,11201,,cable_one,
"Cable One, Inc.",Cable ONE,"Cable One, Inc.","Cable One, Inc.",,,1,,,11721,,cable_one,
"Cable One, Inc.",Cable ONE,"Cable One, Inc.","Cable One, Inc.",,,1,,,11766,,cable_one,
"Cable One, Inc.",Cable ONE,"Cable One, Inc.","Cable One, Inc.",,,1,,,10577,,cable_one,
"Cable One, Inc.",Cable ONE,"Cable One, Inc.","Cable One, Inc.",,,1,,,12580,,cable_one,
"Cable One, Inc.",Cable ONE,"Cable One, Inc.","Cable One, Inc.",,,1,,,10595,,cable_one,
"Cable One, Inc.",Cable ONE,"Cable One, Inc.","Cable One, Inc.",,,1,,,10998,,cable_one,
"Cable One, Inc.",Cable ONE,"Cable One, Inc.","Cable One, Inc.",,,1,,,6878,,cable_one,
"Cable One, Inc.",Cable ONE,"Cable One, Inc.","Cable One, Inc.",,,1,,,6795,,cable_one,
"Cable One, Inc.",Cable ONE,"Cable One, Inc.","Cable One, Inc.",,,1,,,6796,,cable_one,
"Cable One, Inc.",Cable ONE,"Cable One, Inc.","Cable One, Inc.",,,1,,,7624,,cable_one,
"Cable One, Inc.",Cable ONE,"Cable One, Inc.","Cable One, Inc.",,,1,,,7834,,cable_one,
"Cable One, Inc.",Cable ONE,"Cable One, Inc.","Cable One, Inc.",,,1,,,8831,,cable_one,
"Cable One, Inc.",Cable ONE,"Cable One, Inc.","Cable One, Inc.",,,1,,,7827,,cable_one,
"Cable One, Inc.",Cable ONE,"Cable One, Inc.","Cable One, Inc.",,,1,,,7649,,cable_one,
"Cable One, Inc.",Cable ONE,"Cable One, Inc.","Cable One, Inc.",,,1,,,7652,,cable_one,
"Cable One, Inc.",Cable ONE,"Cable One, Inc.","Cable One, Inc.",,,1,,,7670,,cable_one,
"Cable One, Inc.",Cable ONE,"Cable One, Inc.","Cable One, Inc.",,,1,,,11753,,cable_one,
"Cable One, Inc.",Cable ONE,"Cable One, Inc.","Cable One, Inc.",,,1,,,10541,,cable_one,
"Cable One, Inc.",Cable ONE,"Cable One, Inc.","Cable One, Inc.",,,1,,,10579,,cable_one,
"Cable One, Inc.",Cable ONE,"Cable One, Inc.","Cable One, Inc.",,,1,,,11786,,cable_one,
"Cable One, Inc.",Cable ONE,"Cable One, Inc.","Cable One, Inc.",,,1,,,10986,,cable_one,
"Cable One, Inc.",Cable ONE,"Cable One, Inc.","Cable One, Inc.",,,1,,,10993,,cable_one,
"Cable One, Inc.",Cable ONE,"Cable One, Inc.","Cable One, Inc.",,,1,,,11598,,cable_one,
"Cable One, Inc.",Cable ONE,"Cable One, Inc.","Cable One, Inc.",,,1,,,11980,,cable_one,
"Cable One, Inc.",Cable ONE,"Cable One, Inc.","Cable One, Inc.",,,1,,,6750,,cable_one,
"Cable One, Inc.",Cable ONE,"Cable One, Inc.","Cable One, Inc.",,,1,,,6855,,cable_one,
"Cable One, Inc.",Cable ONE,"Cable One, Inc.","Cable One, Inc.",,,1,,,6896,,cable_one,
"Cable One, Inc.",Cable ONE,"Cable One, Inc.","Cable One, Inc.",,,1,,,7826,,cable_one,
"Cable One, Inc.",Cable ONE,"Cable One, Inc.","Cable One, Inc.",,,1,,,7627,,cable_one,
"Cable One, Inc.",Cable ONE,"Cable One, Inc.","Cable One, Inc.",,,1,,,7836,,cable_one,
"Cable One, Inc.",Cable ONE,"Cable One, Inc.","Cable One, Inc.",,,1,,,8620,,cable_one,
"Cable One, Inc.",Cable ONE,"Cable One, Inc.","Cable One, Inc.",,,1,,,7803,,cable_one,
"Cable One, Inc.",Cable ONE,"Cable One, Inc.","Cable One, Inc.",,,1,,,8750,,cable_one,
"Cable One, Inc.",Cable ONE,"Cable One, Inc.","Cable One, Inc.",,,1,,,7512,,cable_one,
"Cable One, Inc.",Cable ONE,"Cable One, Inc.","Cable One, Inc.",,,1,,,10517,,cable_one,
"Cable One, Inc.",Cable ONE,"Cable One, Inc.","Cable One, Inc.",,,1,,,11023,,cable_one,
"Cable One, Inc.",Cable ONE,"Cable One, Inc.","Cable One, Inc.",,,1,,,12540,,cable_one,
"Cable One, Inc.",Cable ONE,"Cable One, Inc.","Cable One, Inc.",,,1,,,12572,,cable_one,
"Cable One, Inc.",Cable ONE,"Cable One, Inc.","Cable One, Inc.",,,1,,,12582,,cable_one,
"Cable One, Inc.",Cable ONE,"Cable One, Inc.","Cable One, Inc.",,,1,,,11791,,cable_one,
"Cable One, Inc.",Cable ONE,"Cable One, Inc.","Cable One, Inc.",,,1,,,10988,,cable_one,
"Cable One, Inc.",Cable ONE,"Cable One, Inc.","Cable One, Inc.",,,1,,,6778,,cable_one,
"Cable One, Inc.",Cable ONE,"Cable One, Inc.","Cable One, Inc.",,,1,,,7444,,cable_one,
"Cable One, Inc.",Cable ONE,"Cable One, Inc.","Cable One, Inc.",,,1,,,8691,,cable_one,
"Cable One, Inc.",Cable ONE,"Cable One, Inc.","Cable One, Inc.",,,1,,,7069,,cable_one,
"Cable One, Inc.",Cable ONE,"Cable One, Inc.","Cable One, Inc.",,,1,,,10505,,cable_one,
"Cable One, Inc.",Cable ONE,"Cable One, Inc.","Cable One, Inc.",,,1,,,10914,,cable_one,
"Cable One, Inc.",Cable ONE,"Cable One, Inc.","Cable One, Inc.",,,1,,,11021,,cable_one,
"Cable One, Inc.",Cable ONE,"Cable One, Inc.","Cable One, Inc.",,,1,,,11948,,cable_one,
"Cable One, Inc.",Cable ONE,"Cable One, Inc.","Cable One, Inc.",,,1,,,11963,,cable_one,
"Cable One, Inc.",Cable ONE,"Cable One, Inc.","Cable One, Inc.",,,1,,,11970,,cable_one,
"Cable One, Inc.",Cable ONE,"Cable One, Inc.","Cable One, Inc.",,,1,,,12585,,cable_one,
"Cable One, Inc.",Cable ONE,"Cable One, Inc.","Cable One, Inc.",,,1,,,11931,,cable_one,
"Cable One, Inc.",Cable ONE,"Cable One, Inc.","Cable One, Inc.",,,1,,,11739,,cable_one,
"Cable One, Inc.",Cable ONE,"Cable One, Inc.","Cable One, Inc.",,,1,,,12561,,cable_one,
"Cable One, Inc.",Cable ONE,"Cable One, Inc.","Cable One, Inc.",,,1,,,12581,,cable_one,
"Cable One, Inc.",Cable ONE,"Cable One, Inc.","Cable One, Inc.",,,1,,,6883,,cable_one,
"Cable One, Inc.",Cable ONE,"Cable One, Inc.","Cable One, Inc.",,,1,,,8873,,cable_one,
"Cable One, Inc.",Cable ONE,"Cable One, Inc.","Cable One, Inc.",,,1,,,11020,,cable_one,
"Cable One, Inc.",Cable ONE,"Cable One, Inc.","Cable One, Inc.",,,1,,,12548,,cable_one,
"Cable One, Inc.",Cable ONE,"Cable One, Inc.","Cable One, Inc.",,,1,,,10560,,cable_one,
"Cable One, Inc.",Cable ONE,"Cable One, Inc.","Cable One, Inc.",,,1,,,12569,,cable_one,
"Cable One, Inc.",Cable ONE,"Cable One, Inc.","Cable One, Inc.",,,1,,,10576,,cable_one,
"Cable One, Inc.",Cable ONE,"Cable One, Inc.","Cable One, Inc.",,,1,,,6903,,cable_one,
"Cable One, Inc.",Cable ONE,"Cable One, Inc.","Cable One, Inc.",,,1,,,8501,,cable_one,
"Cable One, Inc.",Cable ONE,"Cable One, Inc.","Cable One, Inc.",,,1,,,7936,,cable_one,
"Cable One, Inc.",Cable ONE,"Cable One, Inc.","Cable One, Inc.",,,1,,,8836,,cable_one,
"Cable One, Inc.",Cable ONE,"Cable One, Inc.","Cable One, Inc.",,,1,,,7046,,cable_one,
"Cable One, Inc.",Cable ONE,"Cable One, Inc.","Cable One, Inc.",,,1,,,11930,,cable_one,
"Cable One, Inc.",Cable ONE,"Cable One, Inc.","Cable One, Inc.",,,1,,,10507,,cable_one,
"Cable One, Inc.",Cable ONE,"Cable One, Inc.","Cable One, Inc.",,,1,,,11956,,cable_one,
"Cable One, Inc.",Cable ONE,"Cable One, Inc.","Cable One, Inc.",,,1,,,18340,,cable_one,
"Cable One, Inc.",Cable ONE,"Cable One, Inc.","Cable One, Inc.",,,1,,,7620,,cable_one,
"Cable One, Inc.",Cable ONE,"Cable One, Inc.","Cable One, Inc.",,,1,,,7080,,cable_one,
"Cable One, Inc.",Cable ONE,"Cable One, Inc.","Cable One, Inc.",,,1,,,10526,,cable_one,
"Cable One, Inc.",Cable ONE,"Cable One, Inc.","Cable One, Inc.",,,1,,,11804,,cable_one,
"Cable One, Inc.",Cable ONE,"Cable One, Inc.","Cable One, Inc.",,,1,,,12578,,cable_one,
"Cable One, Inc.",Cable ONE,"Cable One, Inc.","Cable One, Inc.",,,1,,,6807,,cable_one,